task_uid,filename,sample_group,book,chapter,verse,duration_seconds,speaker_id,lens_ratio_z,lead_silence_ms,trail_silence_ms,is_first_verse,heading_before,heading_after,is_verse_range
00000,GEN_037_Verse_031.wav,random,Genesis,037,031,4.5,SPEAKER_00,-0.8994268148387159,470,380,False,False,False,False
00001,EZR_002_Verse_023.wav,random,Ezra,002,023,2.3,SPEAKER_00,0.2317066500767776,210,340,False,False,False,False
00002,EXO_015_Verse_027.wav,random,Exodus,015,027,7.46,SPEAKER_00,-0.1047291277987617,460,0,False,False,False,False
00003,2KI_021_Verse_013.wav,random,2 Kings,021,013,9.82,SPEAKER_00,1.1744890071867655,480,610,False,False,False,False
00004,1KI_011_Verse_036.wav,random,1 Kings,011,036,10.14,SPEAKER_00,0.3605832585371684,640,290,False,False,False,False
00005,PRO_005_Verse_008.wav,clean_edges,Proverbs,005,008,4.5,SPEAKER_00,0.748088307065774,240,160,False,False,False,False
00006,ISA_034_Verse_015.wav,clean_edges,Isaiah,034,015,10.83,SPEAKER_00,-0.203415158415831,310,200,False,False,False,False
00007,2KI_004_Verse_026.wav,random,2 Kings,004,026,8.72,SPEAKER_00,0.6559511793626521,240,310,False,False,False,False
00008,JER_002_Verse_015.wav,random,Jeremiah,002,015,8.48,SPEAKER_00,0.8417070037332112,390,470,False,False,False,False
00009,DEU_028_Verse_017.wav,random,Deuteronomy,028,017,3.18,SPEAKER_00,2.3521703617489256,430,540,False,False,False,False
00010,JER_048_Verse_037.wav,random,Jeremiah,048,037,5.87,SPEAKER_00,1.402255093837303,280,240,False,False,False,False
00011,EZK_014_Verse_017.wav,clean_edges,Ezekiel,014,017,8.81,SPEAKER_00,0.4737058503436571,490,340,False,False,False,False
00012,2SA_014_Verse_029.wav,random,2 Samuel,014,029,8.25,SPEAKER_00,-0.4303121386460591,380,350,False,False,False,False
00013,1KI_010_Verse_004.wav,random,1 Kings,010,004,4.0,SPEAKER_00,0.1007249790462569,560,90,False,False,False,False
00014,LUK_009_Verse_056.wav,random,Luke,009,056,7.01,SPEAKER_00,1.395429984137863,300,330,False,False,False,False
00015,LEV_015_Verse_020.wav,random,Leviticus,015,020,7.1,SPEAKER_00,-0.1403882194629895,480,310,False,False,False,False
00016,2KI_005_Verse_019.wav,random,2 Kings,005,019,4.68,SPEAKER_00,2.453667899543426,330,330,False,False,False,False
00017,GEN_008_Verse_013.wav,clean_edges,Genesis,008,013,10.55,SPEAKER_00,0.0987070541424264,520,340,False,False,False,False
00018,JOB_014_Verse_013.wav,random,Job,014,013,7.8,SPEAKER_00,0.3343679598034054,680,500,False,False,False,False
00019,1CH_006_Verse_037.wav,random,1 Chronicles,006,037,2.65,SPEAKER_00,-2.564541997506306,100,30,False,False,False,False
00020,NUM_007_Verse_010.wav,random,Numbers,007,010,7.76,SPEAKER_00,0.2698379936895247,680,340,False,False,False,False
00021,EXO_002_Verse_025.wav,random,Exodus,002,025,3.41,SPEAKER_00,-0.0363566955208299,570,0,False,False,False,False
00022,JOB_001_Verse_010.wav,clean_edges,Job,001,010,9.74,SPEAKER_00,-0.5432828880474379,330,290,False,False,False,False
00023,ROM_004_Verse_004.wav,random,Romans,004,004,3.87,SPEAKER_00,1.8939518857291409,340,400,False,False,False,False
00024,NEH_012_Verse_009.wav,random,Nehemiah,012,009,4.1,SPEAKER_00,-2.3274931423940988,210,400,False,False,False,False
00025,JER_034_Verse_011.wav,random,Jeremiah,034,011,9.94,SPEAKER_00,0.5565088863177273,690,590,False,False,False,False
00026,JDG_017_Verse_008.wav,random,Judges,017,008,9.66,SPEAKER_00,-0.5609853200266645,390,310,False,False,False,False
00027,EXO_040_Verse_025.wav,random,Exodus,040,025,4.72,SPEAKER_00,0.1806348052379875,520,400,False,False,False,False
00028,EZK_019_Verse_005.wav,random,Ezekiel,019,005,8.34,SPEAKER_00,-0.9349658054593706,370,360,False,False,False,False
00029,NUM_003_Verse_017.wav,random,Numbers,003,017,5.42,SPEAKER_00,3.156785763403296,490,240,False,False,False,False
00030,PSA_056_Verse_002.wav,random,Psalms,056,002,5.36,SPEAKER_00,-1.341944569018493,290,380,False,False,False,False
00031,LEV_005_Verse_007.wav,random,Leviticus,005,007,12.12,SPEAKER_00,-1.0037093686304983,670,280,False,False,False,False
00032,JHN_003_Verse_002.wav,random,John,003,002,11.99,SPEAKER_00,-0.8284585971236863,580,470,False,False,False,False
00033,NUM_028_Verse_025.wav,clean_edges,Numbers,028,025,5.46,SPEAKER_00,0.9635351294137228,550,630,False,False,False,False
00034,AMO_001_Verse_008.wav,random,Amos,001,008,10.57,SPEAKER_00,-0.5651678178303424,380,370,False,False,False,False
00035,SNG_001_Verse_001.wav,random,Song of Songs,001,001,1.42,SPEAKER_00,-3.7729643833449846,0,290,True,False,True,False
00036,REV_014_Verse_014.wav,random,Revelation,014,014,8.24,SPEAKER_00,-1.1546731379672277,480,440,False,False,False,False
00037,1JN_002_Verse_014.wav,random,1 John,002,014,11.35,SPEAKER_00,-0.0052890154496171,500,630,False,False,False,False
00038,JDG_003_Verse_012.wav,random,Judges,003,012,10.72,SPEAKER_00,-0.0993714326835525,350,30,False,False,False,False
00039,LEV_014_Verse_040.wav,random,Leviticus,014,040,6.27,SPEAKER_00,-1.2413968744921235,110,560,False,False,False,False
00040,1KI_011_Verse_041.wav,clean_edges,1 Kings,011,041,7.96,SPEAKER_00,0.4778319023244399,580,700,False,False,False,False
00041,JOB_010_Verse_005.wav,random,Job,010,005,4.82,SPEAKER_00,0.2600182162374155,540,180,False,False,False,False
00042,1KI_017_Verse_022.wav,random,1 Kings,017,022,5.1,SPEAKER_00,-1.1116541467118697,420,210,False,False,False,False
00043,2CO_011_Verse_005.wav,clean_edges,2 Corinthians,011,005,3.33,SPEAKER_00,-0.0794798330799925,580,260,False,False,False,False
00044,DAN_001_Verse_010.wav,random,Daniel,001,010,13.68,SPEAKER_00,-0.4147407772577114,290,660,False,False,False,False
00045,DAN_005_Verse_024.wav,clean_edges,Daniel,005,024,3.76,SPEAKER_00,-1.7285743943996603,340,120,False,False,False,False
00046,ECC_004_Verse_005.wav,random,Ecclesiastes,004,005,3.0,SPEAKER_00,-0.310931701335384,370,340,False,False,False,False
00047,1CH_028_Verse_018.wav,random,1 Chronicles,028,018,11.17,SPEAKER_00,0.2523947372243679,330,520,False,False,False,False
00048,1SA_025_Verse_023.wav,random,1 Samuel,025,023,7.04,SPEAKER_00,0.7474927944087524,790,360,False,False,False,False
00049,LUK_015_Verse_020.wav,clean_edges,Luke,015,020,9.03,SPEAKER_00,1.5716059639483513,640,120,False,False,False,False
