filename,sample_group,text,testament,book,chapter,verse,duration_seconds,speaker_id,row_idx,lens_ratio,lens_ratio_z,lead_silence_ms,trail_silence_ms,is_first_verse,heading_before,heading_after,is_verse_range
1KI_001_Verse_008.wav,random,"Men Tsadok, prèt la, Benaja, fis a Jehojada a, Nathan, pwofèt la, Schimeï, Réï, ak mesye vanyan ki te apatyen a David yo, pa t avèk Adonija.",Old Testament,1 Kings,001,008,15.25,SPEAKER_00,8074,0.10892857142857143,0.4533171144691488,300,570,False,False,False,False
1KI_002_Verse_013.wav,random,"Alò Adonija, fis a Haggith la, te vini a Bath-Schéba, manman a Salomon. Bath-Schéba te mande: “Èske ou vini anpè?” Adonija te di, “Anpè.”",Old Testament,1 Kings,002,013,14.98,SPEAKER_00,24183,0.10934306569343066,0.48956464900547747,610,480,False,False,False,False
1KI_015_Verse_014.wav,random,"Men wo plas yo pa t retire. Malgre sa, kè Asa te dedye nèt a SENYÈ a pandan tout jou li yo.",Old Testament,1 Kings,015,014,9.5,SPEAKER_00,8999,0.1043956043956044,0.05690902632512324,450,430,False,False,False,False
1KI_018_Verse_010.wav,clean_edges,"Jan SENYÈ a, Bondye ou a, viv la, nanpwen nasyon oswa wayòm kote mèt mwen pa t voye chache ou. Lè yo te di: ‘Li pa la’, li te fè wayòm nan oswa nasyon an sèmante ke yo pa t kab jwenn ou.",Old Testament,1 Kings,018,010,17.33,SPEAKER_00,19568,0.09317204301075267,-0.9245917166494052,400,430,False,False,False,False
1SA_026_Verse_024.wav,random,"Gade byen, jan lavi ou te gen gwo valè nan zye m jodi a, konsa ke vi m ta ye nan men SENYÈ a. Ke li ta delivre mwen nan tout twoub.”",Old Testament,1 Samuel,026,024,13.02,SPEAKER_00,26222,0.09863636363636363,-0.44673673194491775,530,460,False,False,False,False
2CH_011_Verse_003.wav,random,"“Pale a Roboam, fis a Salomon an, wa a Juda a ak tout Israël nan Juda avèk Benjamin pou di:",Old Testament,2 Chronicles,011,003,9.35,SPEAKER_00,1555,0.10274725274725274,-0.08723936936361408,460,370,False,False,False,False
2KI_001_Verse_002.wav,clean_edges,"Konsa, Achazia te tonbe sou treyi a soti nan chanm anwo ki te nan Samarie a e li te vin malad. Konsa, li te voye mesaje yo. Li te di yo: “Ale mande a Baal-Zebub, dye a Ékron an si m ap geri de maladi sa a.”",Old Testament,2 Kings,001,002,22.9,SPEAKER_00,11833,0.11116504854368932,0.6488970979400314,530,800,False,False,False,False
2KI_007_Verse_016.wav,random,"Konsa, pèp la te sòti e te piyaje kan Siryen an. Alò, yon mezi farin fen te vann pou yon sik e de mezi lòj pou yon sik, selon pawòl SENYÈ a.",Old Testament,2 Kings,007,016,13.89,SPEAKER_00,6334,0.09921428571428571,-0.39619743078980596,540,0,False,False,False,False
2SA_020_Verse_021.wav,random,"Se pa konsa ka a ye! Men yon nonm soti nan peyi ti mòn Ephraïm nan, Schéba, fis a Bicri a, selon non li, li te leve men li kont Wa David. Sèlman, lonje bannou li e mwen va kite vil la.” Epi fanm nan te di a Joab: “Gade byen, se tèt li m ap jete ba ou sou mi an.”",Old Testament,2 Samuel,020,021,23.43,SPEAKER_00,24002,0.08942748091603053,-1.2520537718794431,540,480,False,False,False,False
DAN_001_Verse_004.wav,random,"jennonm ki te san defo, ki te bo gason, ki te montre yo entèlijan nan tout kalite sajès, beni avèk bon konprann e ak kapasite pou disène, e ki te gen kapasite pou fè sèvis nan palè a wa a; pou l ta ka enstwi yo nan lèt ak langaj Kaldeyen yo.",Old Testament,Daniel,001,004,25.56,SPEAKER_00,14789,0.10605809128630705,0.20229354933511848,460,920,False,False,False,False
DEU_004_Verse_013.wav,random,"Konsa, Li te deklare bay nou akò ke Li te kòmande nou pou fè a, sa vle di, Dis Kòmandman yo. Li te ekri yo sou de tab an wòch.",Old Testament,Deuteronomy,004,013,12.96,SPEAKER_00,4339,0.10285714285714287,-0.07762947631769689,430,330,False,False,False,False
DEU_005_Verse_014.wav,random,"men setyèm jou a, se yon Saba a SENYÈ Bondye nou an. Nou pa pou fè okenn travay, ni nou menm ni fis nou, ni fi nou, ni sèvitè nou, ni sèvant nou, ni bèf kabwèt nou, ni bourik nou, ni okenn nan bèf nou yo, ni etranje ki vin demere pami nou, pou sèvitè avèk sèvant lan kapab pran repo menm jan ak nou.",Old Testament,Deuteronomy,005,014,28.38,SPEAKER_00,22225,0.09491638795986622,-0.7720487042443076,410,710,False,False,False,False
DEU_021_Verse_010.wav,random,"“Lè nou sòti nan batay kont lènmi nou yo, epi SENYÈ, Bondye nou an, livre yo nan men nou pou nou mennen yo ale an kaptivite,",Old Testament,Deuteronomy,021,010,10.81,SPEAKER_00,7217,0.08717741935483872,-1.4488217155224374,710,360,False,False,False,False
DEU_031_Verse_023.wav,random,"Epi li te bay Josué, fis a Nun nan, komisyon li, e te di: “Kenbe fèm e pran kouraj, paske ou va mennen fis Israël yo antre nan peyi ke mwen te sèmante a yo menm nan, epi mwen va avèk ou.”",Old Testament,Deuteronomy,031,023,17.12,SPEAKER_00,5425,0.09155080213903743,-1.0663692741969466,420,0,False,False,False,False
ECC_006_Verse_012.wav,clean_edges,"Paske kilès ki konnen sa ki bon pou yon nonm pandan lavi li, pandan ti kras ane lavi li ki san rezon an? Li va pase yo tankou lonbraj. Paske se kilès ki ka di sa k ap rive apre li anba solèy la?",Old Testament,Ecclesiastes,006,012,20.71,SPEAKER_00,20800,0.10675257731958764,0.2630263715006675,530,50,False,False,False,False
EZK_016_Verse_004.wav,random,"Pou nesans ou, nan jou ou te fèt la, kòd lonbrit ou pa t koupe, ni ou pa t lave ak dlo pou vin pwòp. Ou pa t fwote ak sèl, ni menm vlope nan rad.",Old Testament,Ezekiel,016,004,14.84,SPEAKER_00,16786,0.1023448275862069,-0.12243146044900137,630,500,False,False,False,False
EZK_025_Verse_013.wav,random,"akoz sa, konsa pale Senyè BONDYE a: “Mwen va osi lonje men M kont Édom e koupe retire nèt ni lòm ni bèt sou li. Mwen va fè dega ladann nèt. Soti nan Théman, jis rive nan Dedan, yo va tonbe pa nepe.",Old Testament,Ezekiel,025,013,19.79,SPEAKER_00,3105,0.10045685279187817,-0.28753490665564496,290,400,False,False,False,False
EZR_002_Verse_040.wav,random,"Levit yo: fis a Josué yo, fis a Kadmiel yo e fis a Hodavia yo: swasann-katòz.",Old Testament,Ezra,002,040,8.72,SPEAKER_00,10124,0.11324675324675325,0.8309422298416118,540,260,False,False,False,False
EZR_004_Verse_005.wav,clean_edges,"Konsa yo te anplwaye konseye yo kont yo pou detounen pwòp bi pa yo pandan tout jou a Cyrus yo, wa Perse la, menm jis rive nan règn Darius la, wa Perse la.",Old Testament,Ezra,004,005,15.64,SPEAKER_00,15486,0.10155844155844156,-0.19120093958761183,600,430,False,False,False,False
GEN_012_Verse_005.wav,random,"Abram te pran Saraï madanm li avèk Lot, neve li, ak tout zafè yo ke yo te ranmase avèk moun ke yo te vin genyen nan Haran, e yo te pati pou peyi Canaan an. Konsa yo te rive Canaan.",Old Testament,Genesis,012,005,17.94,SPEAKER_00,10612,0.09966666666666667,-0.35663670441745254,480,60,False,False,False,False
GEN_024_Verse_007.wav,clean_edges,"SENYÈ a, Bondye syèl la ki te pran m, fè m sòti lakay papa m, peyi natal mwen, ki te pale avèk mwen; Li te sèmante ak mwen, e Li te di: ‘A desandan ou yo, Mwen va bay tè sa a’. Li va voye zanj Li devan ou, e ou va pran yon madanm pou fis mwen an soti la.",Old Testament,Genesis,024,007,21.06,SPEAKER_00,1457,0.08291338582677164,-1.8217115614776414,430,450,False,False,False,False
GEN_025_Verse_017.wav,random,"Sa yo se lane lavi Ismaël yo, san-trant-sèt ane. Li te respire dènye souf li, e li te mouri, epi yo te ranmase li vè pèp li.",Old Testament,Genesis,025,017,12.1,SPEAKER_00,26416,0.09758064516129032,-0.5390593407965893,0,360,False,False,False,False
GEN_031_Verse_029.wav,random,"Li nan pouvwa mwen pou m fè nou mal, men Bondye a papa ou a te pale avèk mwen yèswa. Li te di: ‘Pinga ou pale ni byen, ni mal a Jacob’.",Old Testament,Genesis,031,029,11.82,SPEAKER_00,7937,0.08755555555555555,-1.4157536946667704,220,10,False,False,False,False
GEN_032_Verse_007.wav,random,"Epi Jacob te vin pè anpil, e byen twouble. Li te divize moun ki te avè l yo, bann mouton, twoupo bèf ak chamo pou fè de konpanyen.",Old Testament,Genesis,032,007,12.38,SPEAKER_00,2718,0.09523076923076923,-0.7445560537042528,220,390,False,False,False,False
GEN_046_Verse_007.wav,random,"avèk fis li yo, fis a fis li yo, fi li yo avèk fi a fis li yo, ak tout desandan li yo. Li te mennen tout desandan avèk li, ale an Égypte.",Old Testament,Genesis,046,007,12.9,SPEAKER_00,19347,0.09416058394160584,-0.8381437858346236,0,170,False,False,False,False
HEB_006_Verse_004.wav,clean_edges,"Paske nan ka a sila ki, yon fwa, te eklere yo, ki te goute kado selès la, ki te vin patisipan nan Lespri Sen yo,",New Testament,Hebrews,006,004,11.79,SPEAKER_00,16680,0.10526785714285714,0.13318755237707872,890,350,False,False,False,False
ISA_029_Verse_002.wav,random,"Mwen va mennen gwo pwoblèm sou Ariel e li va vin yon vil gwo doulè ak lamantasyon. Pou Mwen, li va tankou yon lotèl k ap brile a.",Old Testament,Isaiah,029,002,13.42,SPEAKER_00,23604,0.10403100775193798,0.025025040095262328,450,550,False,False,False,False
ISA_046_Verse_006.wav,random,"Kèk kon vide lò ki sòti nan bous, oswa peze ajan sou balans. Anplwaye yon òfèv, e l ap fè l vin tounen yon dye. Yo pwostène— e anverite, yo adore l.",Old Testament,Isaiah,046,006,19.3,SPEAKER_00,27034,0.1304054054054054,2.3314668195577553,680,550,False,False,False,False
JDG_015_Verse_017.wav,random,"Lè l te fin pale, li te jete machwè a sòti nan men l; epi plas sa a te rele Ramath-Léchi.",Old Testament,Judges,015,017,8.36,SPEAKER_00,5107,0.09393258426966292,-0.8580823632376896,240,610,False,False,False,False
JDG_020_Verse_024.wav,random,"Alò, fis Israël yo te vini kont fis a Benjamin yo nan dezyèm jou a.",Old Testament,Judges,020,024,6.41,SPEAKER_00,15705,0.09567164179104477,-0.7060017365289969,410,420,False,False,False,False
JHN_001_Verse_039.wav,clean_edges,"Li te di yo: “Vini, nou va wè.” Pou sa yo te vini epi te wè kote Li t ap rete. Yo te rete avèk Li jou sa, paske li te vè dizyèm lè.",New Testament,John,001,039,15.8,SPEAKER_00,10670,0.12061068702290077,1.4749184353140699,620,520,False,False,False,False
JHN_018_Verse_007.wav,random,"Ankò konsa, Li te mande yo: “ Kilès n ap chache?” E yo te di: “Jésus, Nazareyen an.”",New Testament,John,018,007,9.87,SPEAKER_00,27774,0.1175,1.2028887720505785,820,680,False,False,False,False
JHN_021_Verse_001.wav,clean_edges,"Apre bagay sa yo, Jésus te vin parèt ankò a disip yo bò kote Lanmè Tibériade la, e se konsa li te vin parèt.",New Testament,John,021,001,11.37,SPEAKER_00,18237,0.10527777777777778,0.1340551121659466,1040,510,True,False,False,False
JOB_012_Verse_025.wav,random,Yo tatonnen nan fènwa a san limyè. Li fè yo kilbite tankou moun sou.,Old Testament,Job,012,025,8.14,SPEAKER_00,14827,0.11970588235294119,1.3957932427516837,610,40,False,False,False,False
JOB_026_Verse_008.wav,random,"Li vlope dlo yo nan nwaj Li yo, e nwaj la pa pete anba fòs yo.",Old Testament,Job,026,008,8.88,SPEAKER_00,20726,0.14322580645161292,3.452611233581944,0,840,False,False,False,False
JOB_028_Verse_001.wav,random,"Anverite, gen yon min pou ajan e yon plas pou rafine lò.",Old Testament,Job,028,001,6.96,SPEAKER_00,28126,0.12428571428571429,1.7962996676358787,980,650,True,False,False,False
JOB_035_Verse_005.wav,clean_edges,Gade nan syèl yo pou wè; epi gade byen nan nwaj yo. Yo pi wo pase ou.,Old Testament,Job,035,005,7.84,SPEAKER_00,12625,0.1136231884057971,0.863861494557529,710,490,False,False,False,False
LUK_002_Verse_006.wav,random,"Li te vin rive ke pandan yo te la, jou yo te vin rive pou l akouche.",New Testament,Luke,002,006,6.93,SPEAKER_00,15668,0.10191176470588235,-0.16030282090388498,0,730,False,False,False,False
MAT_024_Verse_034.wav,random,"“Anverite, Mwen di nou: Jenerasyon sila a p ap disparèt jouk lè ke tout bagay sa yo fin pase.",New Testament,Matthew,024,034,9.04,SPEAKER_00,22633,0.09720430107526881,-0.571970641174269,1250,510,False,False,False,False
NUM_011_Verse_029.wav,random,"Men Moïse te di li: “Èske ou jalou pou tèt mwen? Pito ke tout pèp SENYÈ a te pwofèt, pou SENYÈ a ta mete Lespri Li sou yo!”",Old Testament,Numbers,011,029,10.06,SPEAKER_00,22311,0.08178861788617886,-1.920072547933843,490,360,False,False,False,False
NUM_016_Verse_029.wav,random,"Si mesye sila yo mouri yon mò natirèl, oswa si yo soufri desten a tout moun nòmal, alò SENYÈ a pa t voye mwen.",Old Testament,Numbers,016,029,11.88,SPEAKER_00,27809,0.10800000000000001,0.37211351823116146,830,440,False,False,False,False
NUM_028_Verse_009.wav,random,"“‘Epi nan jou Saba a, de jenn mouton mal san defo, ak de dizyèm a yon efa farin fen, kon yon ofrann sereyal, mele avèk lwil, avèk ofrann bwason li an:",Old Testament,Numbers,028,009,14.12,SPEAKER_00,2308,0.09413333333333333,-0.8405268522561317,470,280,False,False,False,False
NUM_028_Verse_024.wav,random,"Nan menm jan sila a, nou va prezante li chak jou pandan sèt jou, manje a ofrann pa dife a, kòm yon odè ki santi bon a SENYÈ a. Li va prezante avèk ofrann bwason pa li an ki anplis ofrann brile k ap fèt tout tan an.",Old Testament,Numbers,028,024,18.36,SPEAKER_00,15568,0.08579439252336449,-1.5697674488863398,10,420,False,False,False,False
NUM_032_Verse_018.wav,random,Nou p ap retounen lakay nou jiskaske chak moun nan fis Israël yo gen tan posede eritaj pa yo.,Old Testament,Numbers,032,018,8.38,SPEAKER_00,14264,0.09010752688172044,-1.1925837340105059,120,330,False,False,False,False
PRO_030_Verse_018.wav,random,"“Gen twa bagay ki twò bèl pou mwen, kat ke m pa konprann:",Old Testament,Proverbs,030,018,6.16,SPEAKER_00,9632,0.1080701754385965,0.37825036221135966,900,540,False,False,False,False
PSA_022_Verse_009.wav,clean_edges,"Sepandan, Ou menm se Sila ki te fè m sòti nan vant manman m nan. Ou te fè m gen konfyans depi m t ap souse tete manman m.",Old Testament,Psalms,022,009,12.09,SPEAKER_00,11516,0.09991735537190083,-0.334713970446866,750,780,False,False,False,False
PSA_035_Verse_003.wav,random,Anplis rale lans ak rach batay la pou rankontre sila k ap kouri dèyè m yo. Pale ak nanm mwen “Se Mwen ki delivrans ou”!,Old Testament,Psalms,035,003,12.18,SPEAKER_00,5414,0.10235294117647059,-0.1217219267636642,630,500,False,False,False,False
PSA_119_Verse_052.wav,random,"Mwen te sonje òdonans Ou yo depi nan tan ansyen, O SENYÈ, e yo rekonfòte mwen.",Old Testament,Psalms,119,052,8.37,SPEAKER_00,19829,0.1073076923076923,0.31157119204189015,590,680,False,False,False,False
PSA_127_Verse_004.wav,random,"Tankou flèch nan men a yon gèrye, Se konsa pitit a jèn yo ye.",Old Testament,Psalms,127,004,6.97,SPEAKER_00,27828,0.11426229508196721,0.9197513904641506,420,960,False,False,False,False
RUT_001_Verse_019.wav,random,"Konsa yo ale ansanm jis rive Bethléhem. Lè yo te rive Bethléhem, tout vil la te boulvèse akoz yo menm. Fanm yo te di: “Se Naomi sa a?”",Old Testament,Ruth,001,019,13.3,SPEAKER_00,22768,0.0992537313432836,-0.39274790948003957,730,500,False,False,False,False
