filename,text,testament,book,chapter,verse,duration_seconds,speaker_id,row_idx,lens_ratio,lens_ratio_z,lead_silence_ms,trail_silence_ms,is_first_verse,heading_before,heading_after,is_verse_range
1CH_005_Verse_002.wav,"Yuda yali w’amaanyi okusinga baganda be, era mu ye mwe mwava kabaka ow’eggwanga lya Isirayiri, wabula ebyobusika eby’obuggulanda byali bya mutabani wa Yusufu omukulu.",Old Testament,1 Chronicles,005,002,14.14,SPEAKER_00,3027,0.08518072289156627,-0.6492741458688449,310,190,False,False,False,False
1CO_001_Verse_002.wav,"tuwandiikira ekkanisa ya Katonda eri mu Kkolinso n’eri abo abaatukuzibwa mu Kristo Yesu, abayitibwa abatukuvu, n’abo bonna abakoowoola erinnya lya Mukama waffe Yesu Kristo mu buli kifo, owaabwe era owaffe;",New Testament,1 Corinthians,001,002,19.28,SPEAKER_00,27667,0.09404878048780488,0.026855838538780315,310,250,False,False,False,False
1CO_001_Verse_007.wav,"muleme kubaako kye mwetaaga mu kirabo kyonna, nga mulindirira okubikkulirwa kwa Mukama waffe Yesu Kristo.",New Testament,1 Corinthians,001,007,9.84,SPEAKER_00,6676,0.09371428571428571,0.0013528528455124728,380,100,False,False,False,False
1CO_012_Verse_011.wav,"Naye Omwoyo akola ebyo byonna y’omu, y’agabira buli muntu ng’Omwoyo oyo bw’ayagala.",New Testament,1 Corinthians,012,011,10.2,SPEAKER_00,6235,0.12289156626506023,2.2259250356219935,560,430,False,False,True,False
1CO_013_Verse_004.wav,Okwagala kugumiikiriza era kwa kisa. Okwagala tekulina buggya era tekwenyumiikiriza wadde okwekuluntaza.,New Testament,1 Corinthians,013,004,11.09,SPEAKER_00,7012,0.10663461538461538,0.9864414366461726,440,160,False,False,False,False
1KI_002_Verse_003.wav,"era tambuliranga mu makubo ga Mukama Katonda wo ng’okwatanga ebiragiro bye, era okwatenga amateeka ge, n’ebiragiro bye n’ebyo by’ayagala, nga bwe byawandiikibwa mu mateeka ga Musa, olyoke obeerenga n’omukisa mu byonna by’onookolanga na buli gy’onoogendanga yonna.",Old Testament,1 Kings,002,003,22.98,SPEAKER_00,5883,0.0873764258555133,-0.4818665039285203,550,210,False,False,False,False
1TH_005_Verse_005.wav,Kubanga mmwe mwenna muli baana ba musana era baana ba butangaavu. Tetuli ba kiro yadde ab’ekizikiza.,New Testament,1 Thessalonians,005,005,9.4,SPEAKER_00,15259,0.094,0.02313665312517882,90,110,False,False,False,False
1TH_005_Verse_008.wav,"Naye ffe, kubanga tuli ba musana, tulemenga okutamiira. Twambale okukkiriza n’okwagala ng’ekyomu kifuba, era tube n’essuubi ery’obulokozi nga ye nkufiira yaffe.",New Testament,1 Thessalonians,005,008,14.04,SPEAKER_00,17230,0.08775,-0.4533839779925126,350,100,False,False,False,False
2CH_025_Verse_008.wav,"Ate ne bw’onoogenda ng’olowooza nti oli muzira nnyo mu ntalo, Katonda alikuwaayo mu maaso g’omulabe, kubanga Katonda alina obuyinza okuyamba, n’okulekerera.”",Old Testament,2 Chronicles,025,008,12.44,SPEAKER_00,26628,0.07923566878980891,-1.1025446950845623,600,70,False,False,False,False
2SA_004_Verse_006.wav,"Ne bagenda mu kisenge eky’omunda ne baba ng’abajja okukima eŋŋaano, ne bamufumita mu lubuto, ne badduka.",Old Testament,2 Samuel,004,006,9.08,SPEAKER_00,10852,0.08730769230769231,-0.4871069765023795,410,60,False,False,False,False
2SA_014_Verse_004.wav,"Awo omukazi ow’e Tekowa n’agenda eri kabaka, n’avuunama amaaso ge ku ttaka, ne yeeyanza, n’ayogera nti, “Mbeera, ayi kabaka.”",Old Testament,2 Samuel,014,004,9.7,SPEAKER_00,21476,0.07759999999999999,-1.2272534829276434,310,140,False,False,False,False
2SA_016_Verse_004.wav,"Awo kabaka n’agamba Ziba nti, “Byonna ebibadde ebya Mefibosesi, kaakano bibyo.” Ziba n’ayogera nti, “Neeyanzizza, era ŋŋanje mu maaso go, mukama wange kabaka.”",Old Testament,2 Samuel,016,004,11.43,SPEAKER_00,25472,0.07188679245283018,-1.6628472855010372,500,70,False,False,True,False
ACT_011_Verse_014.wav,ajje akutegeeze ggwe n’ab’omu nnyumba yo nga bwe muyinza okulokolebwa!’,New Testament,Acts,011,014,5.96,SPEAKER_00,14001,0.08394366197183098,-0.7435917539013712,590,140,False,False,False,False
ACT_025_Verse_001.wav,"Fesuto yamala ennaku ssatu mu Kayisaliya ng’azze okutandika emirimu gye emiggya, n’asitula okugenda e Yerusaalemi.",New Testament,Acts,025,001,13.6,SPEAKER_00,27377,0.11929824561403508,1.951958407712436,560,410,True,True,False,False
ACT_025_Verse_003.wav,"Ne bamwegayirira abayambe atumye Pawulo aleetebwe mu Yerusaalemi, kubanga baali bategeka bamuttire mu kkubo.",New Testament,Acts,025,003,10.22,SPEAKER_00,2342,0.09462962962962963,0.07114169448222052,500,300,False,False,False,False
COL_003_Verse_001.wav,"Nga bwe mwazuukirira awamu ne Kristo, munoonyenga ebintu ebiri mu ggulu, Kristo gy’atudde ku mukono ogwa ddyo ogwa Katonda.",New Testament,Colossians,003,001,11.42,SPEAKER_00,19793,0.09284552845528456,-0.0648840683300562,1530,350,True,True,False,False
DAN_004_Verse_009.wav,"Ne mugamba nti, “Berutesazza, omukulu w’abafumu, mmanyi ng’omwoyo ogwa bakatonda abatukuvu guli mu ggwe, so tewali kigambo eky’ekyama ekikuzibuwalira. Ntegeeza ekirooto kyange, n’amakulu gaakyo.",Old Testament,Daniel,004,009,18.32,SPEAKER_00,23701,0.09443298969072166,0.05614921643560073,900,80,False,False,False,False
DEU_006_Verse_005.wav,"Oyagalanga Mukama Katonda wo n’omutima gwo gwonna, n’omwoyo gwo gwonna, n’amaanyi go gonna.",Old Testament,Deuteronomy,006,005,6.94,SPEAKER_00,13617,0.07626373626373627,-1.3291346411586948,570,70,False,False,False,False
EXO_003_Verse_005.wav,"Katonda n’amugamba nti, “Teweeyongera kusembera. Ggyamu engatto zo, kubanga ekifo w’oyimiridde kitukuvu.”",Old Testament,Exodus,003,005,8.64,SPEAKER_00,4879,0.0822857142857143,-0.8699991583411213,440,190,False,False,False,False
EXO_017_Verse_002.wav,"Abantu ne bayombesa Musa nga bagamba nti, “Tuwe amazzi tunywe.” Musa n’abaddamu nti, “Lwaki munnyombesa? Lwaki mugezesa Mukama ?”",Old Testament,Exodus,017,002,10.16,SPEAKER_00,10881,0.07875968992248063,-1.1388348951258354,250,210,False,False,False,False
EZK_012_Verse_001.wav,"Ekigambo kya Mukama ne kinzijira ng’agamba nti,",Old Testament,Ezekiel,012,001,6.05,SPEAKER_00,250,0.12872340425531914,2.670563614773082,1810,290,True,False,False,False
EZR_010_Verse_043.wav,"Ku bazzukulu ba Nebo: Yeyeri, ne Mattisiya, ne Zabadi, ne Zebina, ne Iddo, ne Yoweeri ne Benaya.",Old Testament,Ezra,010,043,10.42,SPEAKER_00,11558,0.10854166666666666,1.1318413215256728,60,260,False,False,False,False
GEN_036_Verse_004.wav,"Ada n’azaalira Esawu Erifaazi, ne Basimansi n’azaala Leweri;",Old Testament,Genesis,036,004,7.14,SPEAKER_00,15631,0.119,1.9292191775959424,400,360,False,False,False,False
HEB_013_Verse_002.wav,"Temwerabiranga kusembeza bagenyi, kubanga waliwo abaasembeza bamalayika nga tebagenderedde.",New Testament,Hebrews,013,002,8.35,SPEAKER_00,14096,0.09175824175824175,-0.14778239522296935,420,280,False,False,False,False
HEB_013_Verse_006.wav,"Kyetuva twogera n’obuvumu nti, “Mukama ye mubeezi wange, siityenga, omuntu ayinza kunkola ki?”",New Testament,Hebrews,013,006,8.34,SPEAKER_00,18773,0.08872340425531915,-0.3791684243801401,390,260,False,False,False,False
ISA_044_Verse_007.wav,"Ani afaanana nga nze, akirangirire, eyali asobola okumanya n’alangirira ebigenda okubaawo okuviira ddala ku ntandikwa? Leka batubuulire ebigenda okubaawo.",Old Testament,Isaiah,044,007,17.56,SPEAKER_00,11051,0.11402597402597402,1.5499830181817589,750,40,False,False,False,False
ISA_048_Verse_011.wav,"Ku lwange nze, ku lwange nze ndikikola. Erinnya lyange nga livumiddwa. Ekitiibwa kyange sirikiwa mulala.",Old Testament,Isaiah,048,011,10.15,SPEAKER_00,3820,0.09759615384615385,0.2973192931836656,820,90,False,False,True,False
ISA_058_Verse_003.wav,"Beebuuza nti, “Lwaki twasiiba, naye ggwe n’otokifaako? Lwaki twetoowaza naye ggwe n’otokissaako mwoyo?” Musooke mulabe, ennaku ze musiiba muba munoonya ssanyu lyammwe ku bwammwe, musigala munyigiriza abakozi bammwe.",Old Testament,Isaiah,058,003,23.84,SPEAKER_00,12257,0.11088372093023256,1.3104072696514812,540,270,False,False,False,False
JER_006_Verse_002.wav,"Ndizikiriza omuwala wa Sayuuni, omulungi oyo omubalagavu.",Old Testament,Jeremiah,006,002,5.73,SPEAKER_00,11562,0.10052631578947369,0.5207245121449152,970,190,False,False,False,False
JER_037_Verse_005.wav,"Eggye lya Falaawo lyali livudde e Misiri era Abakaludaaya abaali balumbye Yerusaalemi bwe baakiwulira, ne bava e Yerusaalemi.",Old Testament,Jeremiah,037,005,11.9,SPEAKER_00,14242,0.0952,0.114628614299776,540,180,False,False,False,False
JHN_005_Verse_007.wav,"Omusajja omulwadde n’amuddamu nti, “Ssebo sirina muntu ayinza kunnyamba okunsuula mu kidiba ng’amazzi gaakatabulwa. Buli lwe ngezaako okukkamu we ntukirayo ng’omulala yansoose dda.”",New Testament,John,005,007,17.68,SPEAKER_00,8157,0.09767955801104972,0.3036783020307095,690,180,False,False,False,False
JOB_028_Verse_009.wav,"Omuntu ayasa n’omukono gwe ejjinja ery’embaalebaale, n’avuunika ensozi okuviira ddala we zisibuka.",Old Testament,Job,028,009,8.75,SPEAKER_00,19074,0.08928571428571429,-0.33629605148930797,370,290,False,False,False,False
JON_004_Verse_003.wav,Kale nno nkwegayiridde Mukama nzita; okufa kisinga okuba omulamu.”,Old Testament,Jonah,004,003,6.87,SPEAKER_00,7733,0.1040909090909091,0.7925008720933784,350,200,False,False,False,False
LUK_007_Verse_004.wav,"Bwe baatuuka eri Yesu ne bamwegayirira nnyo nga bagamba nti, “Omusajja ono asaanira okuyambibwa nga bw’akusabye,",New Testament,Luke,007,004,10.12,SPEAKER_00,24452,0.09035714285714284,-0.2546068004405621,520,350,False,False,False,False
LUK_013_Verse_002.wav,"Yesu n’abagamba nti, “Mulowooza nti Abagaliraaya abo baali boonoonyi nnyo okusinga Abagaliraaya abalala bonna, balyoke baboneebone batyo?",New Testament,Luke,013,002,9.18,SPEAKER_00,26321,0.06700729927007298,-2.034875952858146,400,240,False,False,False,False
LUK_021_Verse_007.wav,"Ne bamubuuza nti, “Omuyigiriza, ebyo biribaawo ddi? Ye walibaawo akabonero akaliraga nti biri kumpi okubaawo?”",New Testament,Luke,021,007,9.28,SPEAKER_00,2383,0.08436363636363636,-0.7115715199435522,360,170,False,False,False,False
MAT_012_Verse_008.wav,Kubanga Omwana w’Omuntu ye Mukama wa Ssabbiiti.”,New Testament,Matthew,012,008,3.62,SPEAKER_00,15573,0.07541666666666667,-1.3937180233980886,510,130,False,False,False,False
MIC_001_Verse_004.wav,"N’ensozi zirisaanuukira wansi w’ebigere bye era n’ebiwonvu ne byatika ne bisaanuuka ng’ebisenge by’emizindu by’enjuki ebyokeddwa omuliro, ng’amazzi g’ekiyiriro bwe gakulukuta ku lusozi nga gayirira ku bbangabanga.",Old Testament,Micah,001,004,22.78,SPEAKER_00,17321,0.10694835680751175,1.0103621183815865,580,370,False,False,False,False
NUM_001_Verse_007.wav,mu kya Yuda ye Nakusoni mutabani wa Amminadaabu;,Old Testament,Numbers,001,007,3.92,SPEAKER_00,15680,0.08166666666666667,-0.9171973922803982,460,70,False,False,False,False
PRO_005_Verse_001.wav,"Mutabani, ossangayo omwoyo eri ebiragiro byange, era owulirizanga bulungi ebigambo byange eby’amagezi,",Old Testament,Proverbs,005,001,11.16,SPEAKER_00,3050,0.10941176470588236,1.1981804682106858,2020,340,True,True,False,False
PSA_030_Verse_010.wav,"Mpuliriza, Ayi Mukama , onsaasire; Ayi Mukama , onnyambe.”",Old Testament,Psalms,030,010,4.86,SPEAKER_00,7889,0.08379310344827587,-0.7550708327277119,460,140,False,False,False,False
PSA_041_Verse_006.wav,Bwe bajja okundaba beefuula mikwano gyange; naye munda yaabwe bankyawa era basanyuka okulaba nga ngalamidde awo nnumwa. Bwe bansiibula bagenda beesekera nga bwe baduula.,Old Testament,Psalms,041,006,17.14,SPEAKER_00,27562,0.10142011834319527,0.5888709692639571,560,390,False,False,False,False
PSA_056_Verse_002.wav,"Abalabe bange bannondoola, bangi bannwanyisa nga bajjudde amalala.",Old Testament,Psalms,056,002,6.77,SPEAKER_00,20904,0.10257575757575757,0.6769807190951496,480,330,False,False,False,False
PSA_060_Verse_010.wav,"Si ggwe Ayi Katonda, atusudde, atakyatabaala na magye gaffe?",Old Testament,Psalms,060,010,7.01,SPEAKER_00,11374,0.11683333333333333,1.7640253588084764,980,320,False,False,False,False
PSA_091_Verse_005.wav,"Tootyenga ntiisa ya kiro, wadde akasaale akalasibwa emisana;",Old Testament,Psalms,091,005,5.78,SPEAKER_00,15944,0.09633333333333334,0.20103768874245065,500,260,False,False,False,False
PSA_119_Verse_022.wav,Mponya okuduula kwabwe n’okunyooma kwabwe; kubanga bye walagira mbigondera.,Old Testament,Psalms,119,022,8.52,SPEAKER_00,16857,0.11359999999999999,1.5175053523102573,760,150,False,False,False,False
PSA_134_Verse_002.wav,"Mugolole emikono gyammwe mu kifo ekitukuvu, mutendereze Mukama .",Old Testament,Psalms,134,002,5.5,SPEAKER_00,28300,0.0859375,-0.5915749610166426,520,350,False,False,False,False
ROM_001_Verse_001.wav,"Nze Pawulo, omuddu wa Yesu Kristo, Mukama waffe Kristo, nayitibwa okuba omutume, eyayawulibwa okubuulira Enjiri ya Katonda,",New Testament,Romans,001,001,10.34,SPEAKER_00,2201,0.0840650406504065,-0.7343374427783251,1030,370,True,False,False,False
TIT_003_Verse_008.wav,"Ekigambo ekyo kyesigwa, era nkukuutira ebyo obinywezenga abakkiriza Katonda bajjukirenga okukola ebikolwa ebirungi; ebintu ebyo birungi era bigasa abantu.",New Testament,Titus,003,008,16.32,SPEAKER_00,9303,0.10597402597402597,0.9360759193911756,630,130,False,False,False,False
ZEC_006_Verse_009.wav,"Ekigambo kya Mukama ne kijja gye ndi nga kigamba nti,",Old Testament,Zechariah,006,009,4.5,SPEAKER_00,21762,0.08490566037735849,-0.6702458199275826,610,80,False,False,False,False
