task_uid,filename,book,chapter,verse,duration_seconds,speaker_id,lens_ratio_z,lead_silence_ms,trail_silence_ms,is_first_verse,heading_before,heading_after,is_verse_range
00000,JHN_018_Verse_007.wav,John,018,007,9.87,SPEAKER_00,1.2028887720505783,820,680,False,False,False,False
00001,JDG_020_Verse_024.wav,Judges,020,024,6.41,SPEAKER_00,-0.7060017365289969,410,420,False,False,False,False
00002,GEN_032_Verse_007.wav,Genesis,032,007,12.38,SPEAKER_00,-0.7445560537042528,220,390,False,False,False,False
00003,DEU_005_Verse_029.wav,Deuteronomy,005,029,12.24,SPEAKER_00,-2.1219158151761444,560,590,False,False,False,False
00004,2CH_011_Verse_003.wav,2 Chronicles,011,003,9.35,SPEAKER_00,-0.087239369363614,460,370,False,False,False,False
00005,PSA_127_Verse_004.wav,Psalms,127,004,6.97,SPEAKER_00,0.9197513904641506,420,960,False,False,False,False
00006,JOB_003_Verse_014.wav,Job,003,014,8.04,SPEAKER_00,1.117339832870089,280,420,False,False,False,False
00007,DEU_004_Verse_013.wav,Deuteronomy,004,013,12.96,SPEAKER_00,-0.0776294763176968,430,330,False,False,False,False
00008,LUK_018_Verse_013.wav,Luke,018,013,17.19,SPEAKER_00,-0.3830907587425,440,860,False,False,False,False
00009,EZK_025_Verse_013.wav,Ezekiel,025,013,19.79,SPEAKER_00,-0.2875349066556449,290,400,False,False,False,False
00010,MRK_001_Verse_002.wav,Mark,001,002,10.3,SPEAKER_00,-0.8839868655340847,640,320,False,False,False,False
00011,ISA_046_Verse_006.wav,Isaiah,046,006,19.3,SPEAKER_00,2.3314668195577557,680,550,False,False,False,False
00012,DEU_021_Verse_010.wav,Deuteronomy,021,010,10.81,SPEAKER_00,-1.4488217155224374,710,360,False,False,False,False
00013,1SA_026_Verse_024.wav,1 Samuel,026,024,13.02,SPEAKER_00,-0.4467367319449177,530,460,False,False,False,False
00014,NUM_032_Verse_018.wav,Numbers,032,018,8.38,SPEAKER_00,-1.192583734010506,120,330,False,False,False,False
00015,NUM_028_Verse_009.wav,Numbers,028,009,14.12,SPEAKER_00,-0.8405268522561317,470,280,False,False,False,False
00016,DEU_005_Verse_014.wav,Deuteronomy,005,014,28.38,SPEAKER_00,-0.7720487042443076,410,710,False,False,False,False
00017,JER_037_Verse_003.wav,Jeremiah,037,003,18.48,SPEAKER_00,0.4338429488555137,790,560,False,False,False,False
00018,NEH_012_Verse_010.wav,Nehemiah,012,010,9.2,SPEAKER_00,1.376085253537196,110,230,False,False,False,False
00019,1KI_001_Verse_008.wav,1 Kings,001,008,15.25,SPEAKER_00,0.4533171144691488,300,570,False,False,False,False
00020,PSA_105_Verse_020.wav,Psalms,105,020,7.37,SPEAKER_00,1.3227799377121248,500,520,False,False,False,False
00021,GEN_012_Verse_005.wav,Genesis,012,005,17.94,SPEAKER_00,-0.3566367044174525,480,60,False,False,False,False
00022,MRK_008_Verse_033.wav,Mark,008,033,18.1,SPEAKER_00,-0.0276580324789349,970,1180,False,False,False,False
00023,ZEC_005_Verse_008.wav,Zechariah,005,008,11.89,SPEAKER_00,-1.1953619606657644,430,400,False,False,False,False
00024,PSA_035_Verse_003.wav,Psalms,035,003,12.18,SPEAKER_00,-0.1217219267636642,630,500,False,False,False,False
00025,MAT_024_Verse_034.wav,Matthew,024,034,9.04,SPEAKER_00,-0.571970641174269,1250,510,False,False,False,False
00026,JOB_028_Verse_001.wav,Job,028,001,6.96,SPEAKER_00,1.796299667635879,980,650,True,False,False,False
00027,ISA_029_Verse_002.wav,Isaiah,029,002,13.42,SPEAKER_00,0.0250250400952623,450,550,False,False,False,False
00028,JDG_015_Verse_017.wav,Judges,015,017,8.36,SPEAKER_00,-0.8580823632376896,240,610,False,False,False,False
00029,PSA_088_Verse_013.wav,Psalms,088,013,8.72,SPEAKER_00,1.0950337390985847,820,790,False,False,False,False
00030,RUT_001_Verse_019.wav,Ruth,001,019,13.3,SPEAKER_00,-0.3927479094800395,730,500,False,False,False,False
00031,NUM_011_Verse_029.wav,Numbers,011,029,10.06,SPEAKER_00,-1.920072547933843,490,360,False,False,False,False
00032,MRK_004_Verse_021.wav,Mark,004,021,15.64,SPEAKER_00,0.7672114806685675,1260,880,False,False,False,False
00033,PSA_119_Verse_052.wav,Psalms,119,052,8.37,SPEAKER_00,0.3115711920418901,590,680,False,False,False,False
00034,ECC_004_Verse_013.wav,Ecclesiastes,004,013,12.85,SPEAKER_00,1.7326341262066856,1150,670,False,False,False,False
00035,ZEC_013_Verse_002.wav,Zechariah,013,002,20.32,SPEAKER_00,-0.3617808236361486,670,640,False,False,False,False
00036,RUT_001_Verse_021.wav,Ruth,001,021,14.99,SPEAKER_00,-0.3333166972926971,610,660,False,False,False,False
00037,1KI_015_Verse_014.wav,1 Kings,015,014,9.5,SPEAKER_00,0.0569090263251232,450,430,False,False,False,False
00038,JOB_012_Verse_025.wav,Job,012,025,8.14,SPEAKER_00,1.3957932427516837,610,40,False,False,False,False
00039,NUM_016_Verse_029.wav,Numbers,016,029,11.88,SPEAKER_00,0.3721135182311614,830,440,False,False,False,False
00040,2SA_007_Verse_012.wav,2 Samuel,007,012,14.66,SPEAKER_00,-0.1695908139376422,510,420,False,False,False,False
00041,NEH_007_Verse_011.wav,Nehemiah,007,011,8.21,SPEAKER_00,1.1841494806110444,420,400,False,False,False,False
00042,2SA_020_Verse_021.wav,2 Samuel,020,021,23.43,SPEAKER_00,-1.2520537718794431,540,480,False,False,False,False
00043,DAN_001_Verse_004.wav,Daniel,001,004,25.56,SPEAKER_00,0.2022935493351184,460,920,False,False,False,False
00044,EXO_006_Verse_007.wav,Exodus,006,007,16.3,SPEAKER_00,-0.5877546321717269,130,690,False,False,False,False
00045,EZK_016_Verse_004.wav,Ezekiel,016,004,14.84,SPEAKER_00,-0.1224314604490013,630,500,False,False,False,False
00046,EZR_002_Verse_040.wav,Ezra,002,040,8.72,SPEAKER_00,0.8309422298416118,540,260,False,False,False,False
00047,1KI_002_Verse_013.wav,1 Kings,002,013,14.98,SPEAKER_00,0.4895646490054774,610,480,False,False,False,False
00048,ACT_023_Verse_025.wav,Acts,023,025,3.96,SPEAKER_00,0.0407239433004228,250,800,False,False,False,False
00049,PRO_030_Verse_018.wav,Proverbs,030,018,6.16,SPEAKER_00,0.3782503622113596,900,540,False,False,False,False
